keyword,target_domain
Best DSAT institute in Valsad,eecglobal.com
Best GRE coaching in Ahmedabad,eecglobal.com
Best IELTS classes in Bhavnagar,eecglobal.com
Best TOEFL classes in Godhra,eecglobal.com
Best GRE institute in Jamnagar,eecglobal.com
Best SAT training in Botad,eecglobal.com
Best DSAT institute in Vapi,eecglobal.com
Best Digital SAT institute in Bharuch,eecglobal.com
Best TOEFL institute in Palanpur,eecglobal.com
Best TOEFL classes in Bhuj,eecglobal.com
Best GRE institute in Vapi,eecglobal.com
Best PTE classes in Ahmedabad,eecglobal.com
Best GRE classes in Bhuj,eecglobal.com
Best TOEFL insitute in Anand,eecglobal.com
Best Digital SAT classes in Jamnagar,eecglobal.com
Best D-SAT institute in Mehsana,eecglobal.com
Best SAT institute in Godhra,eecglobal.com
Best IELTS coaching in Porbandar,eecglobal.com
Best SAT training in Bharuch,eecglobal.com
Best IELTS classes in Surat,eecglobal.com
Best PTE training in Bhavnagar,eecglobal.com
Best TOEFL institute in Vapi,eecglobal.com
Best TOEFL classes in Junagadh,eecglobal.com
Best PTE training in Anand,eecglobal.com
Best SAT coaching in Bhavnagar,eecglobal.com
Best DSAT institute in Surendranagar,eecglobal.com
Best Digital SAT institute in Bhuj,eecglobal.com
Best IELTS coaching in Rajkot,eecglobal.com
Best DSAT training in Valsad,eecglobal.com
Best D-SAT coaching in Gandhinagar,eecglobal.com
Best PTE coaching in Ankleshwar,eecglobal.com
Best Digital SAT coaching in Ankleshwar,eecglobal.com
Best Digital SAT classes in Junagadh,eecglobal.com
Best GRE institute in Surendranagar,eecglobal.com
Best Digital SAT institute in Junagadh,eecglobal.com
Best Digital SAT classes in Vapi,eecglobal.com
Best DSAT classes in Patan,eecglobal.com
Best GRE training in Junagadh,eecglobal.com
Best TOEFL training in Patan,eecglobal.com
Best DSAT training in Surendranagar,eecglobal.com
Best IELTS institute in Valsad,eecglobal.com
Best Digital SAT classes in Patan,eecglobal.com
Best D-SAT training in Rajkot,eecglobal.com
Best DSAT training in Ahmedabad,eecglobal.com
Best IELTS training in Gandhinagar,eecglobal.com
Best SAT institute in Patan,eecglobal.com
Best DSAT institute in Anand,eecglobal.com
Best PTE classes in Surendranagar,eecglobal.com
Best TOEFL classes in Mehsana,eecglobal.com
Best GRE classes in Morbi,eecglobal.com
Best IELTS institute in Ankleshwar,eecglobal.com
Best Digital SAT institute in Valsad,eecglobal.com
Best GRE training in Vapi,eecglobal.com
Best IELTS coching in Gandhidham,eecglobal.com
Best D-SAT institute in Godhra,eecglobal.com
Best GRE institute in Bharuch,eecglobal.com
Best Digital SAT institute in Godhra,eecglobal.com
Best GRE classes in Palanpur,eecglobal.com
Best GRE coaching in Rajkot,eecglobal.com
Best PTE classes in Jamnagar,eecglobal.com
Best SAT institute in Gandhinagar,eecglobal.com
Best PTE classes in Porbandar,eecglobal.com
Best SAT trainng in Mehsana,eecglobal.com
Best GRE coaching in Gandhinagar,eecglobal.com
Best SAT training in Rajkot,eecglobal.com
Best IELTS institute in Patan,eecglobal.com
Best D-SAT coaching in Palanpur,eecglobal.com
Best GRE classes in Valsad,eecglobal.com
Best SAT clases in Godhra,eecglobal.com
Best GRE institute in Surat,eecglobal.com
Best GRE classes in Godhra,eecglobal.com
Best TOEFL institute in Jamnagar,eecglobal.com
Best DSAT institute in Jamnagar,eecglobal.com
Best TOEFL training in Junagadh,eecglobal.com
Best PTE training in Jamnagar,eecglobal.com
Best DSAT coaching in Ahmedabad,eecglobal.com
Best Digital SAT classes in Mehsana,eecglobal.com
Best SAT institute in Palanpur,eecglobal.com
Best PTE training in Botad,eecglobal.com
Best DSAT coaching in Godhra,eecglobal.com
Best SAT institute in Bhavnagar,eecglobal.com
Best GRE classes in Vapi,eecglobal.com
Best GRE classes in Surendranagar,eecglobal.com
Best SAT coaching in Gandhinagar,eecglobal.com
Best SAT classes in Bhuj,eecglobal.com
Best TOEFL coaching in Godhra,eecglobal.com
Best GRE classes in Gandhidham,eecglobal.com
Best TOEFL institute in Godhra,eecglobal.com
Best DSAT training in Porbandar,eecglobal.com
Best TOEFL classes in Botad,eecglobal.com
Best D-SAT training in Bhuj,eecglobal.com
Best DSAT training in Jamnagar,eecglobal.com
Best TOEFL institute in Amreli,eecglobal.com
Best D-SAT classes in Anand,eecglobal.com
Best TOEFL coaching in Surat,eecglobal.com
Best SAT training in Navsari,eecglobal.com
Best PTE classes in Junagadh,eecglobal.com
Best GRE training in Jamnagar,eecglobal.com
Best IELTS coaching in Botad,eecglobal.com
Best PTE classes in Vapi,eecglobal.com
Best IELTS classes in Botad,eecglobal.com
Best D-SAT training in Botad,eecglobal.com
Best D-SAT coaching in Anand,eecglobal.com
Best TOEFL classes in Ahmedabad,eecglobal.com
Best GRE institute in Godhra,eecglobal.com
Best D-SAT institute in Bhuj,eecglobal.com
Best GRE training in Mehsana,eecglobal.com
Best D-SAT institute in Gandhidham,eecglobal.com
Best TOEFL insitute in Gandhinagar,eecglobal.com
Best GRE training in Vadodara,eecglobal.com
Best PTE classes in Vadodara,eecglobal.com
Best GRE coaching in Nadiad,eecglobal.com
Best SAT coaching in Junagadh,eecglobal.com
Best GRE institute in Anand,eecglobal.com
Best D-SAT institute in Jamnagar,eecglobal.com
Best SAT coaching in Bharuch,eecglobal.com
Best GRE classes in Ahmedabad,eecglobal.com
Best IELTS coaching in Amreli,eecglobal.com
Best DSAT classes in Amreli,eecglobal.com
Best SAT classes in Botad,eecglobal.com
Best TOEFL classes in Amreli,eecglobal.com
Best IELTS classes in Junagadh,eecglobal.com
Best PTE institute in Godhra,eecglobal.com
Best IELTS training in Vapi,eecglobal.com
Best TOEFL coaching in Ahmedabad,eecglobal.com
Best Digital SAT classes in Bharuch,eecglobal.com
Best DSAT insitute in Mehsana,eecglobal.com
Best GRE institue in Amreli,eecglobal.com
Best IELTS institute in Vadodara,eecglobal.com
Best D-SAT training in Anand,eecglobal.com
Best SAT training in Bhavnagar,eecglobal.com
Best GRE training in Rajkot,eecglobal.com
Best GRE institute in Palanpur,eecglobal.com
Best SAT institute in Bharuch,eecglobal.com
Best GRE coaching in Bhuj,eecglobal.com
Best D-SAT institute in Amreli,eecglobal.com
Best TOEFL institute in Morbi,eecglobal.com
Best SAT institute in Junagadh,eecglobal.com
Best Digital SAT training in Ahmedabad,eecglobal.com
Best PTE classes in Mehsana,eecglobal.com
Best SAT training in Gandhinagar,eecglobal.com
Best SAT classes in Patan,eecglobal.com
Best DSAT traning in Bhavnagar,eecglobal.com
Best DSAT coaching in Mehsana,eecglobal.com
Best TOEFL training in Palanpur,eecglobal.com
Best GRE training in Amreli,eecglobal.com
Best D-SAT coaching in Bhuj,eecglobal.com
Best GRE coaching in Amreli,eecglobal.com
Best DSAT institute in Morbi,eecglobal.com
Best Digital SAT classes in Godhra,eecglobal.com
Best TOEFL training in Bhuj,eecglobal.com
Best PTE training in Morbi,eecglobal.com
Best TOEFL training in Morbi,eecglobal.com
Best IELTS institute in Surendranagar,eecglobal.com
Best D-SAT classes in Navsari,eecglobal.com
Best SAT training in Bhuj,eecglobal.com
Best D-SAT coaching in Rajkot,eecglobal.com
Best TOEFL training in Bhavnagar,eecglobal.com
Best IELTS coaching in Morbi,eecglobal.com
Best GRE coaching in Morbi,eecglobal.com
Best SAT coaching in Godhra,eecglobal.com
Best IELTS coaching in Jamnagar,eecglobal.com
Best TOEFL classes in Morbi,eecglobal.com
Best DSAT institute in Ankleshwar,eecglobal.com
Best PTE classes in Gandhidham,eecglobal.com
Best PTE coaching in Nadiad,eecglobal.com
Best TOEFL training in Surendranagar,eecglobal.com
Best IELTS coaching in Vapi,eecglobal.com
Best PTE institute in Junagadh,eecglobal.com
Best D-SAT institute in Anand,eecglobal.com
Best PTE institute in Rajkot,eecglobal.com
Best PTE classes in Valsad,eecglobal.com
Best PTE classes in Bhavnagar,eecglobal.com
Best D-SAT training in Junagadh,eecglobal.com
Best PTE institute in Morbi,eecglobal.com
Best PTE institute in Navsari,eecglobal.com
Best Digital SAT training in Valsad,eecglobal.com
Best DSAT classes in Surat,eecglobal.com
Best Digital SAT institute in Gandhidham,eecglobal.com
Best IELTS coaching in Ahmedabad,eecglobal.com
Best DSAT institute in Vadodara,eecglobal.com
Best SAT coachin in Amreli,eecglobal.com
Best IELTS classes in Nadiad,eecglobal.com
Best TOEFL institute in Surat,eecglobal.com
Best TOEFL institute in Ankleshwar,eecglobal.com
Best TOEFL classes in Vapi,eecglobal.com
Best Digital SAT clases in Gandhidham,eecglobal.com
Best DSAT coaching in Nadiad,eecglobal.com
Best DSAT institute in Surat,eecglobal.com
Best TOEFL classes in Gandhinagar,eecglobal.com
Best TOEFL classes in Ankleshwar,eecglobal.com
Best TOEFL coaching in Botad,eecglobal.com
Best DSAT training in Navsari,eecglobal.com
Best D-SAT institute in Rajkot,eecglobal.com
Best SAT institute in Anand,eecglobal.com
Best Digital SAT classes in Valsad,eecglobal.com
Best TOEFL training in Gandhinagar,eecglobal.com
Best TOEFL coaching in Rajkot,eecglobal.com
Best D-SAT classes in Godhra,eecglobal.com
Best IELTS coaching in Mehsana,eecglobal.com
Best SAT institute in Ahmedabad,eecglobal.com
Best PTE training in Bhuj,eecglobal.com
Best DSAT coaching in Ankleshwar,eecglobal.com
Best Digital SAT coaching in Patan,eecglobal.com
Best DSAT classes in Porbandar,eecglobal.com
Best PTE institute in Patan,eecglobal.com
Best TOEFL coaching in Bhavnagar,eecglobal.com
Best TOEFL clases in Jamnagar,eecglobal.com
Best D-SAT training in Godhra,eecglobal.com
Best PTE institute in Surat,eecglobal.com
Best DSAT classes in Navsari,eecglobal.com
Best DSAT classes in Vadodara,eecglobal.com
Best IELTS training in Rajkot,eecglobal.com
Best PTE coaching in Bharuch,eecglobal.com
Best IELTS coaching in Bhavnagar,eecglobal.com
Best SAT classes in Rajkot,eecglobal.com
Best IELTS coching in Surat,eecglobal.com
Best TOEFL training in Surat,eecglobal.com
Best TOEFL coaching in Nadiad,eecglobal.com
Best GRE training in Bhuj,eecglobal.com
Best PTE institute in Amreli,eecglobal.com
Best SAT coaching in Porbandar,eecglobal.com
Best D-SAT coaching in Surendranagar,eecglobal.com
Best Digital SAT coaching in Junagadh,eecglobal.com
Best D-SAT coaching in Ankleshwar,eecglobal.com
Best SAT classes in Bhavnagar,eecglobal.com
Best SAT coaching in Ahmedabad,eecglobal.com
Best D-SAT training in Valsad,eecglobal.com
Best Digital SAT coaching in Surat,eecglobal.com
Best IELTS classes in Anand,eecglobal.com
Best PTE institute in Ankleshwar,eecglobal.com
Best DSAT traning in Mehsana,eecglobal.com
Best IELTS institue in Gandhinagar,eecglobal.com
Best DSAT institute in Junagadh,eecglobal.com
Best TOEFL institute in Ahmedabad,eecglobal.com
Best GRE training in Bharuch,eecglobal.com
Best SAT institute in Surat,eecglobal.com
Best D-SAT institute in Gandhinagar,eecglobal.com
Best Digital SAT coaching in Gandhidham,eecglobal.com
Best IELTS training in Jamnagar,eecglobal.com
Best GRE classes in Nadiad,eecglobal.com
Best SAT institute in Botad,eecglobal.com
Best PTE coaching in Surat,eecglobal.com
Best IELTS training in Gandhidham,eecglobal.com
Best D-SAT coaching in Bhavnagar,eecglobal.com
Best GRE training in Navsari,eecglobal.com
Best DSAT classes in Anand,eecglobal.com
Best IELTS coaching in Surendranagar,eecglobal.com
Best Digital SAT institute in Morbi,eecglobal.com
Best Digital SAT training in Morbi,eecglobal.com
Best D-SAT institute in Botad,eecglobal.com
Best IELTS institute in Morbi,eecglobal.com
Best DSAT coaching in Jamnagar,eecglobal.com
Best SAT coaching in Ankleshwar,eecglobal.com
Best PTE classes in Botad,eecglobal.com
Best SAT training in Porbandar,eecglobal.com
Best PTE institute in Mehsana,eecglobal.com
Best Digital SAT classes in Anand,eecglobal.com
Best DSAT classes in Bharuch,eecglobal.com
Best PTE training in Porbandar,eecglobal.com
Best TOEFL classes in Anand,eecglobal.com
Best D-SAT training in Amreli,eecglobal.com
Best IELTS classes in Valsad,eecglobal.com
Best DSAT training in Bhuj,eecglobal.com
Best IELTS training in Morbi,eecglobal.com
Best GRE training in Bhavnagar,eecglobal.com
Best DSAT training in Anand,eecglobal.com
Best PTE training in Ahmedabad,eecglobal.com
Best GRE clasess in Mehsana,eecglobal.com
Best PTE classes in Godhra,eecglobal.com
Best SAT coaching in Jamnagar,eecglobal.com
Best SAT training in Anand,eecglobal.com
Best IELTS institute in Amreli,eecglobal.com
Best D-SAT classes in Palanpur,eecglobal.com
Best GRE coachin in Junagadh,eecglobal.com
Best SAT institute in Porbandar,eecglobal.com
Best GRE classes in Botad,eecglobal.com
Best TOEFL institute in Surendranagar,eecglobal.com
Best DSAT institute in Bharuch,eecglobal.com
Best Digital SAT trainng in Bhuj,eecglobal.com
Best SAT training in Vapi,eecglobal.com
Best DSAT institute in Amreli,eecglobal.com
Best SAT classes in Porbandar,eecglobal.com
Best DSAT coaching in Junagadh,eecglobal.com
Best PTE coaching in Junagadh,eecglobal.com
Best Digital SAT coaching in Anand,eecglobal.com
Best Digital SAT training in Porbandar,eecglobal.com
Best SAT training in Surendranagar,eecglobal.com
Best Digital SAT classes in Nadiad,eecglobal.com
Best Digital SAT institute in Botad,eecglobal.com
Best GRE coaching in Godhra,eecglobal.com
Best TOEFL coaching in Vapi,eecglobal.com
Best SAT classes in Gandhinagar,eecglobal.com
Best SAT coaching in Rajkot,eecglobal.com
Best IELTS coaching in Ankleshwar,eecglobal.com
Best D-SAT training in Porbandar,eecglobal.com
Best IELTS institute in Junagadh,eecglobal.com
Best PTE coaching in Jamnagar,eecglobal.com
Best Digital SAT classes in Surendranagar,eecglobal.com
Best DSAT clasess in Junagadh,eecglobal.com
Best PTE coaching in Valsad,eecglobal.com
Best D-SAT classes in Vapi,eecglobal.com
Best TOEFL training in Valsad,eecglobal.com
Best D-SAT coaching in Vapi,eecglobal.com
Best DSAT coaching in Bharuch,eecglobal.com
Best GRE training in Valsad,eecglobal.com
Best PTE institute in Anand,eecglobal.com
Best SAT coaching in Gandhidham,eecglobal.com
Best D-SAT classes in Porbandar,eecglobal.com
Best Digital SAT training in Palanpur,eecglobal.com
Best DSAT institute in Godhra,eecglobal.com
Best SAT coaching in Vadodara,eecglobal.com
Best TOEFL coaching in Morbi,eecglobal.com
Best D-SAT coching in Vadodara,eecglobal.com
Best GRE classes in Bharuch,eecglobal.com
Best TOEFL training in Porbandar,eecglobal.com
Best TOEFL coaching in Jamnagar,eecglobal.com
Best SAT institute in Ankleshwar,eecglobal.com
Best D-SAT classes in Mehsana,eecglobal.com
Best DSAT coaching in Morbi,eecglobal.com
Best IELTS coaching in Anand,eecglobal.com
Best DSAT training in Botad,eecglobal.com
Best GRE training in Ahmedabad,eecglobal.com
Best Digital SAT coaching in Bharuch,eecglobal.com
Best IELTS classes in Palanpur,eecglobal.com
Best GRE training in Anand,eecglobal.com
Best D-SAT training in Palanpur,eecglobal.com
Best PTE clasess in Bharuch,eecglobal.com
Best TOEFL institute in Nadiad,eecglobal.com
Best SAT classes in Nadiad,eecglobal.com
Best PTE classes in Gandhinagar,eecglobal.com
Best PTE institute in Bhavnagar,eecglobal.com
Best PTE institute in Nadiad,eecglobal.com
Best IELTS training in Bharuch,eecglobal.com
Best TOEFL institute in Porbandar,eecglobal.com
Best DSAT trainng in Morbi,eecglobal.com
Best D-SAT training in Surat,eecglobal.com
Best DSAT classes in Godhra,eecglobal.com
Best IELTS training in Bhuj,eecglobal.com
Best PTE classes in Surat,eecglobal.com
Best GRE institute in Mehsana,eecglobal.com
Best IELTS classes in Navsari,eecglobal.com
Best DSAT training in Junagadh,eecglobal.com
Best IELTS training in Amreli,eecglobal.com
Best DSAT classes in Gandhinagar,eecglobal.com
Best D-SAT institute in Ankleshwar,eecglobal.com
Best D-SAT classes in Valsad,eecglobal.com
Best Digital SAT training in Jamnagar,eecglobal.com
Best TOEFL institute in Navsari,eecglobal.com
Best Digital SAT training in Mehsana,eecglobal.com
Best Digital SAT training in Patan,eecglobal.com
Best IELTS classes in Ankleshwar,eecglobal.com
Best TOEFL training in Mehsana,eecglobal.com
Best SAT classes in Anand,eecglobal.com
Best TOEFL training in Navsari,eecglobal.com
Best SAT classes in Gandhidham,eecglobal.com
Best Digital SAT institute in Porbandar,eecglobal.com
Best Digital SAT institute in Nadiad,eecglobal.com
Best GRE institute in Bhuj,eecglobal.com
Best Digital SAT training in Surendranagar,eecglobal.com
Best DSAT training in Gandhidham,eecglobal.com
Best Digital SAT coaching in Valsad,eecglobal.com
Best TOEFL institute in Valsad,eecglobal.com
Best TOEFL classes in Bharuch,eecglobal.com
Best TOEFL insitute in Gandhidham,eecglobal.com
Best TOEFL institute in Bhavnagar,eecglobal.com
Best IELTS institue in Rajkot,eecglobal.com
Best PTE coaching in Ahmedabad,eecglobal.com
Best GRE training in Gandhinagar,eecglobal.com
Best SAT institute in Vadodara,eecglobal.com
Best SAT classes in Vadodara,eecglobal.com
Best GRE coaching in Valsad,eecglobal.com
Best Digital SAT coaching in Ahmedabad,eecglobal.com
Best SAT institute in Valsad,eecglobal.com
Best IELTS coaching in Bhuj,eecglobal.com
Best DSAT classes in Gandhidham,eecglobal.com
Best PTE institute in Surendranagar,eecglobal.com
Best GRE classes in Amreli,eecglobal.com
Best SAT coaching in Morbi,eecglobal.com
Best PTE training in Surat,eecglobal.com
Best TOEFL training in Godhra,eecglobal.com
Best D-SAT classes in Botad,eecglobal.com
Best PTE institute in Vadodara,eecglobal.com
Best Digital SAT training in Bhavnagar,eecglobal.com
Best SAT classes in Surendranagar,eecglobal.com
Best D-SAT institute in Bharuch,eecglobal.com
Best D-SAT institute in Junagadh,eecglobal.com
Best SAT training in Valsad,eecglobal.com
Best TOEFL training in Gandhidham,eecglobal.com
Best IELTS institute in Porbandar,eecglobal.com
Best PTE coaching in Palanpur,eecglobal.com
Best GRE institute in Junagadh,eecglobal.com
Best GRE coaching in Ankleshwar,eecglobal.com
Best SAT coaching in Anand,eecglobal.com
Best SAT coaching in Surat,eecglobal.com
Best D-SAT institute in Porbandar,eecglobal.com
Best GRE institute in Morbi,eecglobal.com
Best Digital SAT coaching in Amreli,eecglobal.com
Best TOEFL institue in Bharuch,eecglobal.com
Best PTE institue in Botad,eecglobal.com
Best GRE institute in Porbandar,eecglobal.com
Best PTE coaching in Vadodara,eecglobal.com
Best Digital SAT coaching in Palanpur,eecglobal.com
Best DSAT classes in Valsad,eecglobal.com
Best DSAT training in Rajkot,eecglobal.com
Best Digital SAT training in Anand,eecglobal.com
Best TOEFL institute in Junagadh,eecglobal.com
Best Digital SAT training in Vapi,eecglobal.com
Best D-SAT training in Surendranagar,eecglobal.com
Best Digital SAT training in Botad,eecglobal.com
Best GRE classes in Vadodara,eecglobal.com
Best DSAT training in Nadiad,eecglobal.com
Best IELTS classes in Morbi,eecglobal.com
Best GRE classes in Patan,eecglobal.com
Best TOEFL training in Amreli,eecglobal.com
Best IELTS classes in Vadodara,eecglobal.com
Best GRE institute in Valsad,eecglobal.com
Best D-SAT training in Gandhidham,eecglobal.com
Best SAT coaching in Bhuj,eecglobal.com
Best TOEFL classes in Patan,eecglobal.com
Best PTE coaching in Morbi,eecglobal.com
Best SAT institute in Morbi,eecglobal.com
Best SAT training in Jamnagar,eecglobal.com
Best IELTS clases in Gandhidham,eecglobal.com
Best Digital SAT coaching in Bhuj,eecglobal.com
Best IELTS traning in Patan,eecglobal.com
Best D-SAT classes in Morbi,eecglobal.com
Best DSAT coaching in Patan,eecglobal.com
Best TOEFL training in Anand,eecglobal.com
Best Digital SAT classes in Bhuj,eecglobal.com
Best PTE coaching in Surendranagar,eecglobal.com
Best SAT classes in Navsari,eecglobal.com
Best GRE institute in Rajkot,eecglobal.com
Best PTE classes in Nadiad,eecglobal.com
Best Digital SAT institute in Jamnagar,eecglobal.com
Best Digital SAT coaching in Morbi,eecglobal.com
Best DSAT classes in Jamnagar,eecglobal.com
Best GRE institute in Vadodara,eecglobal.com
Best PTE training in Ankleshwar,eecglobal.com
Best GRE classes in Rajkot,eecglobal.com
Best GRE classes in Porbandar,eecglobal.com
Best PTE coaching in Anand,eecglobal.com
Best PTE institute in Jamnagar,eecglobal.com
Best IELTS insitute in Mehsana,eecglobal.com
Best SAT training in Nadiad,eecglobal.com
Best Digital SAT coaching in Nadiad,eecglobal.com
Best PTE training in Amreli,eecglobal.com
Best Digital SAT coching in Rajkot,eecglobal.com
Best IELTS institute in Ahmedabad,eecglobal.com
Best Digital SAT coaching in Navsari,eecglobal.com
Best IELTS institute in Nadiad,eecglobal.com
Best D-SAT classes in Surat,eecglobal.com
Best TOEFL clasess in Surat,eecglobal.com
Best IELTS training in Ankleshwar,eecglobal.com
Best Digital SAT institute in Navsari,eecglobal.com
Best TOEFL coaching in Valsad,eecglobal.com
Best D-SAT classes in Ankleshwar,eecglobal.com
Best SAT classes in Morbi,eecglobal.com
Best PTE coaching in Porbandar,eecglobal.com
Best DSAT coaching in Rajkot,eecglobal.com
Best PTE training in Gandhidham,eecglobal.com
Best D-SAT training in Vapi,eecglobal.com
Best D-SAT institute in Vadodara,eecglobal.com
Best SAT training in Vadodara,eecglobal.com
Best DSAT classes in Palanpur,eecglobal.com
Best SAT training in Junagadh,eecglobal.com
Best DSAT training in Amreli,eecglobal.com
Best D-SAT institute in Surat,eecglobal.com
Best SAT training in Gandhidham,eecglobal.com
Best PTE coaching in Mehsana,eecglobal.com
Best Digital SAT coaching in Mehsana,eecglobal.com
Best IELTS classes in Surendranagar,eecglobal.com
Best D-SAT coaching in Patan,eecglobal.com
Best PTE institute in Gandhidham,eecglobal.com
Best TOEFL training in Bharuch,eecglobal.com
Best Digital SAT classes in Ahmedabad,eecglobal.com
Best TOEFL traning in Vapi,eecglobal.com
Best D-SAT coaching in Surat,eecglobal.com
Best Digital SAT institute in Gandhinagar,eecglobal.com
Best DSAT classes in Rajkot,eecglobal.com
Best TOEFL institute in Bhuj,eecglobal.com
Best IELTS classes in Bharuch,eecglobal.com
Best SAT institute in Nadiad,eecglobal.com
Best TOEFL institute in Botad,eecglobal.com
Best D-SAT classes in Junagadh,eecglobal.com
Best DSAT training in Palanpur,eecglobal.com
Best TOEFL coaching in Bhuj,eecglobal.com
Best IELTS training in Vadodara,eecglobal.com
Best DSAT coaching in Valsad,eecglobal.com
Best GRE coaching in Navsari,eecglobal.com
Best IELTS classes in Godhra,eecglobal.com
Best Digital SAT training in Nadiad,eecglobal.com
Best DSAT institute in Bhuj,eecglobal.com
Best Digital SAT classes in Vadodara,eecglobal.com
Best D-SAT coaching in Valsad,eecglobal.com
Best Digital SAT coaching in Vadodara,eecglobal.com
Best Digital SAT training in Bharuch,eecglobal.com
Best D-SAT coaching in Gandhidham,eecglobal.com
Best Digital SAT training in Gandhidham,eecglobal.com
Best D-SAT training in Morbi,eecglobal.com
Best TOEFL traning in Nadiad,eecglobal.com
Best DSAT institute in Ahmedabad,eecglobal.com
Best IELTS coachin in Nadiad,eecglobal.com
Best Digital SAT coaching in Gandhinagar,eecglobal.com
Best IELTS training in Junagadh,eecglobal.com
Best D-SAT institute in Vapi,eecglobal.com
Best GRE coaching in Jamnagar,eecglobal.com
Best PTE coaching in Navsari,eecglobal.com
Best PTE classes in Patan,eecglobal.com
Best TOEFL institute in Patan,eecglobal.com
Best GRE institute in Gandhinagar,eecglobal.com
Best Digital SAT training in Ankleshwar,eecglobal.com
Best D-SAT coaching in Mehsana,eecglobal.com
Best IELTS institute in Surat,eecglobal.com
Best DSAT training in Vadodara,eecglobal.com
Best IELTS coaching in Godhra,eecglobal.com
Best DSAT classes in Bhavnagar,eecglobal.com
Best IELTS classes in Vapi,eecglobal.com
Best PTE institue in Valsad,eecglobal.com
Best IELTS training in Palanpur,eecglobal.com
Best Digital SAT institute in Vapi,eecglobal.com
Best DSAT institute in Porbandar,eecglobal.com
Best GRE classes in Surat,eecglobal.com
Best PTE training in Patan,eecglobal.com
Best TOEFL classes in Vadodara,eecglobal.com
Best TOEFL training in Botad,eecglobal.com
Best Digital SAT classes in Surat,eecglobal.com
Best DSAT institute in Navsari,eecglobal.com
Best Digital SAT coaching in Vapi,eecglobal.com
Best TOEFL coaching in Porbandar,eecglobal.com
Best SAT training in Amreli,eecglobal.com
Best GRE institute in Nadiad,eecglobal.com
Best D-SAT coaching in Morbi,eecglobal.com
Best TOEFL classes in Nadiad,eecglobal.com
Best GRE coaching in Gandhidham,eecglobal.com
Best D-SAT training in Gandhinagar,eecglobal.com
Best GRE coching in Surat,eecglobal.com
Best IELTS coaching in Gandhinagar,eecglobal.com
Best IELTS trainng in Bhavnagar,eecglobal.com
Best SAT institute in Bhuj,eecglobal.com
Best GRE coaching in Vapi,eecglobal.com
Best SAT training in Morbi,eecglobal.com
Best PTE coaching in Rajkot,eecglobal.com
Best Digital SAT coaching in Godhra,eecglobal.com
Best DSAT institute in Bhavnagar,eecglobal.com
Best GRE institute in Bhavnagar,eecglobal.com
Best TOEFL coaching in Anand,eecglobal.com
Best D-SAT coaching in Botad,eecglobal.com
Best PTE classes in Navsari,eecglobal.com
Best D-SAT training in Ankleshwar,eecglobal.com
Best Digital SAT coaching in Bhavnagar,eecglobal.com
Best Digital SAT training in Surat,eecglobal.com
Best Digital SAT training in Amreli,eecglobal.com
Best SAT classes in Valsad,eecglobal.com
Best DSAT classes in Nadiad,eecglobal.com
Best DSAT institute in Rajkot,eecglobal.com
Best DSAT coaching in Porbandar,eecglobal.com
Best DSAT classes in Morbi,eecglobal.com
Best GRE training in Porbandar,eecglobal.com
Best IELTS institute in Jamnagar,eecglobal.com
Best IELTS classes in Amreli,eecglobal.com
Best Digital SAT classes in Ankleshwar,eecglobal.com
Best TOEFL training in Rajkot,eecglobal.com
Best SAT classes in Ahmedabad,eecglobal.com
Best IELTS institute in Gandhidham,eecglobal.com
Best SAT coaching in Botad,eecglobal.com
Best D-SAT training in Jamnagar,eecglobal.com
Best PTE training in Bharuch,eecglobal.com
Best TOEFL training in Jamnagar,eecglobal.com
Best PTE classes in Morbi,eecglobal.com
Best D-SAT coaching in Porbandar,eecglobal.com
Best SAT classes in Palanpur,eecglobal.com
Best PTE training in Palanpur,eecglobal.com
Best SAT training in Palanpur,eecglobal.com
Best SAT coching in Mehsana,eecglobal.com
Best SAT institute in Mehsana,eecglobal.com
Best D-SAT training in Bhavnagar,eecglobal.com
Best TOEFL classes in Navsari,eecglobal.com
Best IELTS training in Godhra,eecglobal.com
Best PTE institute in Bhuj,eecglobal.com
Best Digital SAT training in Gandhinagar,eecglobal.com
Best TOEFL classes in Valsad,eecglobal.com
Best TOEFL institute in Rajkot,eecglobal.com
Best IELTS coaching in Junagadh,eecglobal.com
Best PTE classes in Palanpur,eecglobal.com
Best D-SAT coaching in Godhra,eecglobal.com
Best PTE coaching in Bhavnagar,eecglobal.com
Best GRE training in Godhra,eecglobal.com
Best TOEFL institute in Vadodara,eecglobal.com
Best IELTS classes in Rajkot,eecglobal.com
Best GRE training in Surendranagar,eecglobal.com
Best D-SAT institue in Nadiad,eecglobal.com
Best SAT institute in Amreli,eecglobal.com
Best SAT traning in Patan,eecglobal.com
Best DSAT coaching in Botad,eecglobal.com
Best GRE coaching in Botad,eecglobal.com
Best Digital SAT training in Navsari,eecglobal.com
Best GRE trainng in Patan,eecglobal.com
Best SAT training in Godhra,eecglobal.com
Best SAT coaching in Patan,eecglobal.com
Best Digital SAT institute in Patan,eecglobal.com
Best PTE classes in Bhuj,eecglobal.com
Best D-SAT classes in Patan,eecglobal.com
Best GRE coaching in Palanpur,eecglobal.com
Best DSAT training in Patan,eecglobal.com
Best SAT classes in Vapi,eecglobal.com
Best SAT coaching in Surendranagar,eecglobal.com
Best DSAT institute in Patan,eecglobal.com
Best Digital SAT training in Godhra,eecglobal.com
Best TOEFL coaching in Vadodara,eecglobal.com
Best PTE classes in Ankleshwar,eecglobal.com
Best PTE coaching in Gandhinagar,eecglobal.com
Best GRE institute in Gandhidham,eecglobal.com
Best IELTS training in Ahmedabad,eecglobal.com
Best DSAT coaching in Vapi,eecglobal.com
Best PTE classes in Amreli,eecglobal.com
Best DSAT coaching in Bhavnagar,eecglobal.com
Best SAT coaching in Vapi,eecglobal.com
Best PTE coaching in Patan,eecglobal.com
Best Digital SAT institute in Ankleshwar,eecglobal.com
Best Digital SAT training in Rajkot,eecglobal.com
Best D-SAT institute in Patan,eecglobal.com
Best IELTS training in Anand,eecglobal.com
Best Digital SAT classes in Botad,eecglobal.com
Best D-SAT insitute in Valsad,eecglobal.com
Best PTE training in Vapi,eecglobal.com
Best IELTS institute in Bhuj,eecglobal.com
Best DSAT classes in Ahmedabad,eecglobal.com
Best IELTS institute in Vapi,eecglobal.com
Best IELTS institute in Anand,eecglobal.com
Best SAT coaching in Navsari,eecglobal.com
Best IELTS training in Valsad,eecglobal.com
Best DSAT training in Vapi,eecglobal.com
Best TOEFL training in Ahmedabad,eecglobal.com
Best PTE training in Godhra,eecglobal.com
Best GRE training in Surat,eecglobal.com
Best D-SAT coaching in Bharuch,eecglobal.com
Best DSAT coaching in Palanpur,eecglobal.com
Best PTE coaching in Gandhidham,eecglobal.com
Best IELTS institute in Godhra,eecglobal.com
Best DSAT coaching in Anand,eecglobal.com
Best PTE institute in Porbandar,eecglobal.com
Best D-SAT clases in Jamnagar,eecglobal.com
Best PTE classes in Anand,eecglobal.com
Best DSAT coaching in Gandhinagar,eecglobal.com
Best GRE coaching in Patan,eecglobal.com
Best D-SAT training in Bharuch,eecglobal.com
Best D-SAT classes in Vadodara,eecglobal.com
Best GRE coaching in Mehsana,eecglobal.com
Best Digital SAT clasess in Porbandar,eecglobal.com
Best TOEFL coaching in Surendranagar,eecglobal.com
Best SAT classes in Surat,eecglobal.com
Best DSAT coaching in Amreli,eecglobal.com
Best Digital SAT institute in Palanpur,eecglobal.com
Best DSAT institute in Botad,eecglobal.com
Best SAT training in Surat,eecglobal.com
Best GRE institute in Navsari,eecglobal.com
Best Digital SAT coaching in Botad,eecglobal.com
Best SAT coaching in Nadiad,eecglobal.com
Best SAT institute in Gandhidham,eecglobal.com
Best PTE coaching in Bhuj,eecglobal.com
Best Digital SAT classes in Navsari,eecglobal.com
Best Digital SAT institute in Surat,eecglobal.com
Best D-SAT coachin in Amreli,eecglobal.com
Best D-SAT coaching in Navsari,eecglobal.com
Best GRE training in Palanpur,eecglobal.com
Best D-SAT training in Patan,eecglobal.com
Best IELTS training in Navsari,eecglobal.com
Best D-SAT institute in Palanpur,eecglobal.com
Best Digital SAT institute in Amreli,eecglobal.com
Best PTE coaching in Vapi,eecglobal.com
Best IELTS institute in Bhavnagar,eecglobal.com
Best IELTS training in Botad,eecglobal.com
Best SAT classes in Jamnagar,eecglobal.com
Best DSAT institute in Gandhidham,eecglobal.com
Best SAT institute in Jamnagar,eecglobal.com
Best DSAT coaching in Bhuj,eecglobal.com
Best PTE institute in Palanpur,eecglobal.com
Best DSAT training in Ankleshwar,eecglobal.com
Best SAT coaching in Palanpur,eecglobal.com
Best IELTS classes in Jamnagar,eecglobal.com
Best D-SAT classes in Gandhidham,eecglobal.com
Best DSAT trainng in Surat,eecglobal.com
Best GRE institute in Ankleshwar,eecglobal.com
Best Digital SAT coaching in Surendranagar,eecglobal.com
Best D-SAT classes in Amreli,eecglobal.com
Best IELTS classes in Porbandar,eecglobal.com
Best D-SAT coaching in Jamnagar,eecglobal.com
Best SAT training in Ankleshwar,eecglobal.com
Best DSAT institute in Palanpur,eecglobal.com
Best DSAT classes in Bhuj,eecglobal.com
Best TOEFL coching in Gandhinagar,eecglobal.com
Best Digital SAT institute in Anand,eecglobal.com
Best Digital SAT coaching in Jamnagar,eecglobal.com
Best PTE training in Junagadh,eecglobal.com
Best DSAT classes in Vapi,eecglobal.com
Best DSAT training in Godhra,eecglobal.com
Best IELTS training in Surendranagar,eecglobal.com
Best TOEFL coaching in Mehsana,eecglobal.com
Best Digital SAT coaching in Porbandar,eecglobal.com
Best DSAT coaching in Navsari,eecglobal.com
Best TOEFL coaching in Patan,eecglobal.com
Best IELTS training in Surat,eecglobal.com
Best GRE training in Morbi,eecglobal.com
Best D-SAT institute in Surendranagar,eecglobal.com
Best IELTS coaching in Valsad,eecglobal.com
Best PTE coaching in Godhra,eecglobal.com
Best Digital SAT institute in Bhavnagar,eecglobal.com
Best GRE classes in Anand,eecglobal.com
Best PTE training in Vadodara,eecglobal.com
Best IELTS coaching in Navsari,eecglobal.com
Best TOEFL clases in Bhavnagar,eecglobal.com
Best IELTS classes in Ahmedabad,eecglobal.com
Best D-SAT training in Ahmedabad,eecglobal.com
Best TOEFL coaching in Gandhidham,eecglobal.com
Best TOEFL training in Ankleshwar,eecglobal.com
Best GRE classes in Ankleshwar,eecglobal.com
Best SAT classes in Ankleshwar,eecglobal.com
Best TOEFL clasess in Rajkot,eecglobal.com
Best TOEFL classes in Porbandar,eecglobal.com
Best GRE training in Botad,eecglobal.com
Best IELTS coaching in Vadodara,eecglobal.com
Best Digital SAT institute in Mehsana,eecglobal.com
Best TOEFL classes in Palanpur,eecglobal.com
Best PTE coaching in Amreli,eecglobal.com
Best GRE classes in Bhavnagar,eecglobal.com
Best GRE coaching in Surendranagar,eecglobal.com
Best Digital SAT institute in Vadodara,eecglobal.com
Best GRE coaching in Bhavnagar,eecglobal.com
Best Digital SAT clasess in Palanpur,eecglobal.com
Best IELTS training in Porbandar,eecglobal.com
Best GRE coaching in Vadodara,eecglobal.com
Best Digital SAT training in Junagadh,eecglobal.com
Best TOEFL coaching in Amreli,eecglobal.com
Best GRE classes in Navsari,eecglobal.com
Best PTE classes in Rajkot,eecglobal.com
Best IELTS classes in Patan,eecglobal.com
Best IELTS coaching in Palanpur,eecglobal.com
Best Digital SAT institue in Surendranagar,eecglobal.com
Best D-SAT clases in Bhavnagar,eecglobal.com
Best D-SAT classes in Gandhinagar,eecglobal.com
Best GRE coaching in Anand,eecglobal.com
Best D-SAT training in Vadodara,eecglobal.com
Best IELTS institute in Navsari,eecglobal.com
Best SAT institute in Navsari,eecglobal.com
Best TOEFL coaching in Palanpur,eecglobal.com
Best TOEFL institute in Mehsana,eecglobal.com
Best GRE training in Ankleshwar,eecglobal.com
Best PTE institute in Vapi,eecglobal.com
Best IELTS training in Nadiad,eecglobal.com
Best PTE training in Rajkot,eecglobal.com
Best D-SAT classes in Nadiad,eecglobal.com
Best Digital SAT classes in Morbi,eecglobal.com
Best PTE training in Mehsana,eecglobal.com
Best D-SAT institute in Ahmedabad,eecglobal.com
Best SAT classes in Bharuch,eecglobal.com
Best PTE training in Gandhinagar,eecglobal.com
Best GRE classes in Gandhinagar,eecglobal.com
Best DSAT clasess in Surendranagar,eecglobal.com
Best DSAT classes in Mehsana,eecglobal.com
Best GRE coaching in Bharuch,eecglobal.com
Best SAT training in Ahmedabad,eecglobal.com
Best D-SAT institute in Bhavnagar,eecglobal.com
Best IELTS classes in Gandhinagar,eecglobal.com
Best GRE institute in Ahmedabad,eecglobal.com
Best DSAT coaching in Surat,eecglobal.com
Best D-SAT coachin in Junagadh,eecglobal.com
Best DSAT institute in Gandhinagar,eecglobal.com
Best IELTS institute in Botad,eecglobal.com
Best D-SAT classes in Bhuj,eecglobal.com
Best DSAT coachin in Gandhidham,eecglobal.com
Best TOEFL training in Vadodara,eecglobal.com
Best SAT coaching in Valsad,eecglobal.com
Best SAT classes in Amreli,eecglobal.com
Best Digital SAT institute in Rajkot,eecglobal.com
Best DSAT coaching in Surendranagar,eecglobal.com
Best Digital SAT classes in Gandhinagar,eecglobal.com
Best D-SAT institute in Morbi,eecglobal.com
Best SAT classes in Junagadh,eecglobal.com
Best D-SAT training in Nadiad,eecglobal.com
Best PTE training in Navsari,eecglobal.com
Best DSAT classes in Ankleshwar,eecglobal.com
Best PTE institute in Gandhinagar,eecglobal.com
Best TOEFL classes in Gandhidham,eecglobal.com
Best Digital SAT classes in Bhavnagar,eecglobal.com
Best GRE clasess in Junagadh,eecglobal.com
Best IELTS institute in Palanpur,eecglobal.com
Best TOEFL coaching in Bharuch,eecglobal.com
Best DSAT institute in Nadiad,eecglobal.com
Best GRE institute in Patan,eecglobal.com
Best IELTS classes in Mehsana,eecglobal.com
Best IELTS clasess in Bhuj,eecglobal.com
Best TOEFL classes in Surendranagar,eecglobal.com
Best TOEFL coaching in Navsari,eecglobal.com
Best DSAT coaching in Vadodara,eecglobal.com
Best D-SAT classes in Bharuch,eecglobal.com
Best GRE institute in Botad,eecglobal.com
Best D-SAT institute in Navsari,eecglobal.com
Best DSAT training in Gandhinagar,eecglobal.com
Best D-SAT classes in Ahmedabad,eecglobal.com
Best IELTS training in Mehsana,eecglobal.com
Best D-SAT classes in Surendranagar,eecglobal.com
Best GRE coaching in Porbandar,eecglobal.com
Best D-SAT coaching in Ahmedabad,eecglobal.com
Best PTE coaching in Botad,eecglobal.com
Best Digital SAT training in Vadodara,eecglobal.com
Best D-SAT coaching in Nadiad,eecglobal.com
Best IELTS coaching in Patan,eecglobal.com
Best DSAT training in Bharuch,eecglobal.com
Best GRE clases in Jamnagar,eecglobal.com
Best D-SAT training in Navsari,eecglobal.com
Best TOEFL coaching in Junagadh,eecglobal.com
Best PTE training in Valsad,eecglobal.com
Best D-SAT classes in Rajkot,eecglobal.com
Best PTE institute in Ahmedabad,eecglobal.com
Best Digital SAT institute in Ahmedabad,eecglobal.com
Best GRE training in Gandhidham,eecglobal.com
Best SAT institute in Surendranagar,eecglobal.com
Best SAT classes in Mehsana,eecglobal.com
Best D-SAT training in Mehsana,eecglobal.com
Best PTE training in Surendranagar,eecglobal.com
Best DSAT classes in Botad,eecglobal.com
Best TOEFL coaching in Ankleshwar,eecglobal.com
Best Digital SAT classes in Rajkot,eecglobal.com
Best GRE trainng in Nadiad,eecglobal.com
Best IELTS coachin in Bharuch,eecglobal.com
Best PTE institute in Bharuch,eecglobal.com
Best SAT institute in Rajkot,eecglobal.com
Best IELTS institute in Bharuch,eecglobal.com
Best PTE training in Nadiad,eecglobal.com
Best Digital SAT classes in Amreli,eecglobal.com
Best SAT institute in Vapi,eecglobal.com
PTE voucher online India,ptetestindia.com
buy PTE voucher,ptetestindia.com
cheapest PTE voucher,ptetestindia.com
PTE voucher discount code,ptetestindia.com
official PTE voucher,ptetestindia.com
PTE exam voucher price,ptetestindia.com
PTE test voucher 2026,ptetestindia.com
PTE voucher discount,ptetestindia.com
best price PTE voucher India,ptetestindia.com
PTE voucher instant delivery,ptetestindia.com
genuine PTE voucher,ptetestindia.com
authorized PTE voucher seller,ptetestindia.com
PTE voucher code free,ptetestindia.com
how to buy PTE voucher,ptetestindia.com
where to buy PTE voucher in India,ptetestindia.com
PTE exam,ptetestindia.com
PTE test booking India,ptetestindia.com
book PTE exam online,ptetestindia.com
PTE test centers India,ptetestindia.com
PTE exam fees India 2026,ptetestindia.com
PTE test dates available,ptetestindia.com
PTE registration process,ptetestindia.com
PTE exam pattern 2026,ptetestindia.com
PTE vs IELTS,ptetestindia.com
PTE Core vs PTE,ptetestindia.com
PTE exam eligibility,ptetestindia.com
PTE test duration,ptetestindia.com
PTE scoring system,ptetestindia.com
PTE results timeline,ptetestindia.com
PTE practice test free,ptetestindia.com
PTE mock test online,ptetestindia.com
PTE practice software,ptetestindia.com
PTE preparation material,ptetestindia.com
best PTE coaching,ptetestindia.com
PTE study material free,ptetestindia.com
PTE speaking practice,ptetestindia.com
PTE writing templates,ptetestindia.com
PTE reading tips,ptetestindia.com
PTE listening strategies,ptetestindia.com
PTE AI scoring,ptetestindia.com
PTE full mock test,ptetestindia.com
PTE sectional test,ptetestindia.com
PTE question bank,ptetestindia.com
PTE sample questions 2026,ptetestindia.com
PTE preparation online course,ptetestindia.com
Australia PR through PTE,ptetestindia.com
PTE score for Australia PR,ptetestindia.com
minimum PTE score for Australia,ptetestindia.com
Australia skilled migration 2026,ptetestindia.com
Australia subclass 189 visa,ptetestindia.com
Australia subclass 190 visa,ptetestindia.com
Australia subclass 491 visa,ptetestindia.com
Australia immigration points calculator,ptetestindia.com
skilled independent visa Australia,ptetestindia.com
state sponsored visa Australia,ptetestindia.com
regional sponsored migration,ptetestindia.com
Australia PR process 2026,ptetestindia.com
how to immigrate to Australia,ptetestindia.com
Australia permanent residency requirements,ptetestindia.com
PTE for Canada PR,ptetestindia.com
Canada Express Entry PTE score,ptetestindia.com
minimum PTE score for Canada,ptetestindia.com
PTE accepted in Canada 2026,ptetestindia.com
Canada immigration through PTE,ptetestindia.com
Provincial Nominee Program Canada,ptetestindia.com
Canada skilled worker visa,ptetestindia.com
PTE score for Canada student visa,ptetestindia.com
study in Canada with PTE,ptetestindia.com
work permit Canada PTE requirement,ptetestindia.com
PTE for UK visa,ptetestindia.com
UK student visa PTE score,ptetestindia.com
New Zealand immigration PTE,ptetestindia.com
PTE score for NZ PR,ptetestindia.com
study in UK with PTE,ptetestindia.com
work visa UK PTE requirement,ptetestindia.com
New Zealand skilled migrant category,ptetestindia.com
PTE accepted universities UK,ptetestindia.com
Student visa tier 4 PTE score,ptetestindia.com
New Zealand points based system,ptetestindia.com
PTE test center Delhi,ptetestindia.com
PTE exam in Mumbai,ptetestindia.com
PTE booking Bangalore,ptetestindia.com
PTE test Hyderabad,ptetestindia.com
PTE center Chennai,ptetestindia.com
book PTE exam Pune,ptetestindia.com
PTE test Ahmedabad,ptetestindia.com
PTE in Kolkata,ptetestindia.com
PTE Chandigarh booking,ptetestindia.com
PTE test centers near me,ptetestindia.com
PTE coaching Delhi,ptetestindia.com
PTE preparation Mumbai,ptetestindia.com
PTE classes Bangalore,ptetestindia.com
how to book PTE exam in India 2026,ptetestindia.com
what is the cheapest way to buy PTE voucher,ptetestindia.com
difference between PTE and PTE Core explained,ptetestindia.com
step by step guide to Australia PR through PTE,ptetestindia.com
minimum PTE score required for Australia subclass 189 visa,ptetestindia.com
best PTE preparation software with AI scoring,ptetestindia.com
how long does it take to get PTE results,ptetestindia.com
can I use PTE score for both study and immigration,ptetestindia.com
what is the validity of PTE score,ptetestindia.com
how much does PTE exam cost in India,ptetestindia.com
where can I practice PTE mock tests for free,ptetestindia.com
is PTE easier than IELTS for immigration,ptetestindia.com
how to improve PTE speaking score quickly,ptetestindia.com
what are the benefits of buying PTE voucher online,ptetestindia.com
which Australian cities accept PTE for state sponsorship,ptetestindia.com
complete guide to using PTE voucher code for exam booking,ptetestindia.com
comparison between IELTS and PTE for Canada Express Entry,ptetestindia.com
how to prepare for PTE exam in 30 days,ptetestindia.com
what score in PTE is equivalent to 8 bands in IELTS,ptetestindia.com
best coaching centers for PTE preparation in India 2026,ptetestindia.com
PTE voucher,ptetestindia.com
Pearson PTE voucher,ptetestindia.com
PTE exam voucher India,ptetestindia.com
PTE test booking,ptetestindia.com
PTE online,ptetestindia.com
PTE mock test,ptetestindia.com
PTE practice test,ptetestindia.com
PTE software India,ptetestindia.com
PTE registration,ptetestindia.com
PTE Delhi,ptetestindia.com
PTE Mumbai,ptetestindia.com
PTE Bangalore,ptetestindia.com
PTE Hyderabad,ptetestindia.com
PTE Chennai,ptetestindia.com
PTE Pune,ptetestindia.com
PTE Ahmedabad,ptetestindia.com
PTE Kolkata,ptetestindia.com
Australia immigration PTE,ptetestindia.com
Canada immigration PTE,ptetestindia.com
UK immigration PTE,ptetestindia.com
New Zealand PTE,ptetestindia.com
Best air hostess training in Surat,winginstitute.com
Best travel and tourism institute in Morbi,winginstitute.com
Best ground staff coaching in Mehsana,winginstitute.com
Best hotel management coaching in Gandhidham,winginstitute.com
Best travel and tourism training in Anand,winginstitute.com
Best cabin crew institute in Surendranagar,winginstitute.com
Best air hostess classes in Patan,winginstitute.com
Best air hostess classes in Bharuch,winginstitute.com
Best hotel management institute in Valsad,winginstitute.com
Best ground staff training in Gandhidham,winginstitute.com
Best travel and tourism classes in Vadodara,winginstitute.com
Best cabin crew training in Rajkot,winginstitute.com
Best ground staff classes in Godhra,winginstitute.com
Best ground staff coaching in Surat,winginstitute.com
Best ground staff clases in Bhavnagar,winginstitute.com
Best air hostess coaching in Mehsana,winginstitute.com
Best ground staff institute in Junagadh,winginstitute.com
Best travel and tourism training in Morbi,winginstitute.com
Best ground staff institute in Porbandar,winginstitute.com
Best air hostess coaching in Jamnagar,winginstitute.com
Best air hostess institute in Surendranagar,winginstitute.com
Best hotel management coaching in Morbi,winginstitute.com
Best air hostess training in Nadiad,winginstitute.com
Best cabin crew training in Navsari,winginstitute.com
Best ground staff classes in Gandhinagar,winginstitute.com
Best cabin crew training in Junagadh,winginstitute.com
Best ground staff classes in Amreli,winginstitute.com
Best air hostess training in Bhavnagar,winginstitute.com
Best aviation clasess in Jamnagar,winginstitute.com
Best hotel management institute in Godhra,winginstitute.com
Best aviation coaching in Nadiad,winginstitute.com
Best hotel management institute in Bharuch,winginstitute.com
Best air hostess institute in Mehsana,winginstitute.com
Best aviation institute in Ankleshwar,winginstitute.com
Best aviation coaching in Jamnagar,winginstitute.com
Best travel and tourism institue in Surendranagar,winginstitute.com
Best hotel management training in Gandhinagar,winginstitute.com
Best aviation training in Junagadh,winginstitute.com
Best aviation institute in Ahmedabad,winginstitute.com
Best travel and tourism training in Bharuch,winginstitute.com
Best ground staff training in Rajkot,winginstitute.com
Best ground staff training in Nadiad,winginstitute.com
Best hotel management training in Surendranagar,winginstitute.com
Best travel and tourism institute in Gandhinagar,winginstitute.com
Best travel and tourism coching in Patan,winginstitute.com
Best aviation classes in Botad,winginstitute.com
Best hotel management classes in Godhra,winginstitute.com
Best hotel management institute in Jamnagar,winginstitute.com
Best aviation coaching in Surendranagar,winginstitute.com
Best ground staff training in Botad,winginstitute.com
Best hotel management institute in Patan,winginstitute.com
Best travel and tourism training in Patan,winginstitute.com
Best hotel management classes in Morbi,winginstitute.com
Best aviation institute in Botad,winginstitute.com
Best air hostess classes in Botad,winginstitute.com
Best travel and tourism classes in Valsad,winginstitute.com
Best hotel management coaching in Godhra,winginstitute.com
Best aviation training in Patan,winginstitute.com
Best cabin crew coaching in Godhra,winginstitute.com
Best hotel management training in Valsad,winginstitute.com
Best ground staff classes in Palanpur,winginstitute.com
Best travel and tourism institute in Porbandar,winginstitute.com
Best cabin crew classes in Rajkot,winginstitute.com
Best aviation classes in Patan,winginstitute.com
Best air hostess institute in Porbandar,winginstitute.com
Best cabin crew coaching in Junagadh,winginstitute.com
Best air hostess coaching in Anand,winginstitute.com
Best air hostess institute in Surat,winginstitute.com
Best travel and tourism classes in Patan,winginstitute.com
Best cabin crew classes in Valsad,winginstitute.com
Best cabin crew coching in Nadiad,winginstitute.com
Best cabin crew institute in Botad,winginstitute.com
Best aviation classes in Anand,winginstitute.com
Best aviation training in Morbi,winginstitute.com
Best hotel management coaching in Porbandar,winginstitute.com
Best aviation training in Ahmedabad,winginstitute.com
Best ground staff training in Jamnagar,winginstitute.com
Best hotel management training in Bharuch,winginstitute.com
Best travel and tourism training in Vadodara,winginstitute.com
Best aviation classes in Porbandar,winginstitute.com
Best aviation coaching in Bharuch,winginstitute.com
Best aviation insitute in Bhavnagar,winginstitute.com
Best ground staff clasess in Vadodara,winginstitute.com
Best travel and tourism institute in Jamnagar,winginstitute.com
Best air hostess coaching in Bhuj,winginstitute.com
Best travel and tourism training in Botad,winginstitute.com
Best ground staff classes in Anand,winginstitute.com
Best aviation institute in Bhuj,winginstitute.com
Best ground staff coaching in Patan,winginstitute.com
Best travel and tourism institute in Ahmedabad,winginstitute.com
Best aviation training in Jamnagar,winginstitute.com
Best hotel management institute in Bhuj,winginstitute.com
Best aviation institute in Surendranagar,winginstitute.com
Best cabin crew traning in Surendranagar,winginstitute.com
Best aviation institute in Junagadh,winginstitute.com
Best air hostess institute in Ahmedabad,winginstitute.com
Best aviation training in Botad,winginstitute.com
Best air hostess coaching in Bharuch,winginstitute.com
Best cabin crew coaching in Ahmedabad,winginstitute.com
Best air hostess coaching in Morbi,winginstitute.com
Best cabin crew institute in Morbi,winginstitute.com
Best air hostess coaching in Gandhinagar,winginstitute.com
Best aviation classes in Gandhidham,winginstitute.com
Best ground staff institute in Bhavnagar,winginstitute.com
Best cabin crew classes in Gandhidham,winginstitute.com
Best aviation institute in Patan,winginstitute.com
Best cabin crew coaching in Bhuj,winginstitute.com
Best aviation training in Ankleshwar,winginstitute.com
Best air hostess institute in Bhavnagar,winginstitute.com
Best aviation clases in Palanpur,winginstitute.com
Best air hostess institute in Jamnagar,winginstitute.com
Best cabin crew classes in Surat,winginstitute.com
Best aviation coaching in Navsari,winginstitute.com
Best hotel management training in Gandhidham,winginstitute.com
Best cabin crew institute in Ahmedabad,winginstitute.com
Best travel and tourism training in Godhra,winginstitute.com
Best air hostess classes in Navsari,winginstitute.com
Best hotel management classes in Valsad,winginstitute.com
Best travel and tourism trainng in Bhavnagar,winginstitute.com
Best hotel management training in Vapi,winginstitute.com
Best aviation coaching in Palanpur,winginstitute.com
Best travel and tourism coaching in Nadiad,winginstitute.com
Best air hostess training in Surendranagar,winginstitute.com
Best cabin crew coaching in Palanpur,winginstitute.com
Best cabin crew training in Vadodara,winginstitute.com
Best ground staff coaching in Anand,winginstitute.com
Best cabin crew institute in Rajkot,winginstitute.com
Best air hostess classes in Surendranagar,winginstitute.com
Best travel and tourism institute in Patan,winginstitute.com
Best air hostess institute in Amreli,winginstitute.com
Best aviation classes in Junagadh,winginstitute.com
Best cabin crew coaching in Vadodara,winginstitute.com
Best aviation training in Gandhidham,winginstitute.com
Best air hostess training in Palanpur,winginstitute.com
Best cabin crew coaching in Patan,winginstitute.com
Best air hostess institute in Botad,winginstitute.com
Best travel and tourism institute in Navsari,winginstitute.com
Best travel and tourism classes in Ankleshwar,winginstitute.com
Best cabin crew institute in Navsari,winginstitute.com
Best hotel management training in Patan,winginstitute.com
Best hotel management institute in Gandhinagar,winginstitute.com
Best aviation coaching in Gandhinagar,winginstitute.com
Best hotel management coaching in Junagadh,winginstitute.com
Best travel and tourism coaching in Ankleshwar,winginstitute.com
Best cabin crew coaching in Valsad,winginstitute.com
Best ground staff training in Surat,winginstitute.com
Best cabin crew classes in Anand,winginstitute.com
Best hotel management classes in Nadiad,winginstitute.com
Best hotel management clases in Botad,winginstitute.com
Best travel and tourism classes in Porbandar,winginstitute.com
Best hotel management coaching in Rajkot,winginstitute.com
Best aviation classes in Bhavnagar,winginstitute.com
Best ground staff classes in Gandhidham,winginstitute.com
Best air hostess institute in Bharuch,winginstitute.com
Best air hostess coaching in Rajkot,winginstitute.com
Best travel and tourism coaching in Bhuj,winginstitute.com
Best aviation classes in Vadodara,winginstitute.com
Best ground staff training in Junagadh,winginstitute.com
Best ground staff coaching in Valsad,winginstitute.com
Best travel and tourism coaching in Rajkot,winginstitute.com
Best air hostess classes in Vadodara,winginstitute.com
Best cabin crew institute in Gandhinagar,winginstitute.com
Best hotel management coaching in Ankleshwar,winginstitute.com
Best air hostess training in Anand,winginstitute.com
Best air hostess coaching in Surendranagar,winginstitute.com
Best travel and tourism institute in Bhuj,winginstitute.com
Best hotel management training in Palanpur,winginstitute.com
Best ground staff institute in Patan,winginstitute.com
Best cabin crew classes in Ahmedabad,winginstitute.com
Best cabin crew training in Bhuj,winginstitute.com
Best travel and tourism coaching in Godhra,winginstitute.com
Best travel and tourism institute in Bharuch,winginstitute.com
Best air hostess training in Patan,winginstitute.com
Best travel and tourism coaching in Junagadh,winginstitute.com
Best air hostess coaching in Junagadh,winginstitute.com
Best ground staff coaching in Nadiad,winginstitute.com
Best cabin crew classes in Patan,winginstitute.com
Best aviation classes in Morbi,winginstitute.com
Best cabin crew classes in Botad,winginstitute.com
Best ground staff coaching in Godhra,winginstitute.com
Best travel and tourism classes in Bhavnagar,winginstitute.com
Best ground staff training in Navsari,winginstitute.com
Best hotel management classes in Surat,winginstitute.com
Best hotel management classes in Vadodara,winginstitute.com
Best ground staff training in Amreli,winginstitute.com
Best cabin crew institute in Mehsana,winginstitute.com
Best aviation coaching in Bhuj,winginstitute.com
Best aviation classes in Ankleshwar,winginstitute.com
Best cabin crew institute in Patan,winginstitute.com
Best aviation institute in Porbandar,winginstitute.com
Best cabin crew institute in Bhavnagar,winginstitute.com
Best cabin crew clasess in Bhuj,winginstitute.com
Best air hostess classes in Jamnagar,winginstitute.com
Best aviation classes in Gandhinagar,winginstitute.com
Best ground staff trainng in Ahmedabad,winginstitute.com
Best travel and tourism clasess in Gandhidham,winginstitute.com
Best ground staff training in Porbandar,winginstitute.com
Best air hostess training in Rajkot,winginstitute.com
Best aviation institute in Vadodara,winginstitute.com
Best hotel management classes in Patan,winginstitute.com
Best travel and tourism training in Bhuj,winginstitute.com
Best ground staff institute in Palanpur,winginstitute.com
Best hotel management training in Surat,winginstitute.com
Best hotel management classes in Anand,winginstitute.com
Best hotel management classes in Navsari,winginstitute.com
Best air hostess training in Vadodara,winginstitute.com
Best aviation training in Anand,winginstitute.com
Best air hostess institute in Morbi,winginstitute.com
Best travel and tourism classes in Surendranagar,winginstitute.com
Best aviation training in Gandhinagar,winginstitute.com
Best travel and tourism training in Navsari,winginstitute.com
Best aviation training in Vadodara,winginstitute.com
Best aviation classes in Mehsana,winginstitute.com
Best cabin crew classes in Bharuch,winginstitute.com
Best cabin crew classes in Jamnagar,winginstitute.com
Best air hostess coaching in Vapi,winginstitute.com
Best air hostess clasess in Nadiad,winginstitute.com
Best cabin crew training in Vapi,winginstitute.com
Best travel and tourism coaching in Bharuch,winginstitute.com
Best air hostess classes in Gandhidham,winginstitute.com
Best ground staff coaching in Junagadh,winginstitute.com
Best aviation coaching in Ahmedabad,winginstitute.com
Best hotel management classes in Jamnagar,winginstitute.com
Best air hostess institute in Godhra,winginstitute.com
Best air hostess classes in Anand,winginstitute.com
Best air hostess training in Amreli,winginstitute.com
Best ground staff training in Mehsana,winginstitute.com
Best air hostess institute in Valsad,winginstitute.com
Best ground staff classes in Nadiad,winginstitute.com
Best ground staff training in Bharuch,winginstitute.com
Best travel and tourism classes in Bhuj,winginstitute.com
Best hotel management classes in Bhuj,winginstitute.com
Best ground staff training in Vapi,winginstitute.com
Best air hostess coaching in Ankleshwar,winginstitute.com
Best air hostess institute in Bhuj,winginstitute.com
Best ground staff training in Bhuj,winginstitute.com
Best air hostess coaching in Porbandar,winginstitute.com
Best hotel management classes in Surendranagar,winginstitute.com
Best aviation institute in Nadiad,winginstitute.com
Best cabin crew training in Palanpur,winginstitute.com
Best travel and tourism coaching in Mehsana,winginstitute.com
Best aviation coaching in Mehsana,winginstitute.com
Best ground staff coachin in Bhuj,winginstitute.com
Best ground staff institute in Ankleshwar,winginstitute.com
Best travel and tourism training in Gandhinagar,winginstitute.com
Best ground staff training in Vadodara,winginstitute.com
Best travel and tourism training in Ankleshwar,winginstitute.com
Best hotel management institute in Surendranagar,winginstitute.com
Best cabin crew coaching in Anand,winginstitute.com
Best cabin crew training in Porbandar,winginstitute.com
Best cabin crew clasess in Vadodara,winginstitute.com
Best travel and tourism training in Porbandar,winginstitute.com
Best cabin crew classes in Palanpur,winginstitute.com
Best air hostess classes in Gandhinagar,winginstitute.com
Best air hostess coaching in Godhra,winginstitute.com
Best aviation classes in Nadiad,winginstitute.com
Best hotel management institute in Morbi,winginstitute.com
Best ground staff institute in Ahmedabad,winginstitute.com
Best ground staff coaching in Botad,winginstitute.com
Best air hostess classes in Bhuj,winginstitute.com
Best aviation training in Valsad,winginstitute.com
Best cabin crew coaching in Navsari,winginstitute.com
Best hotel management classes in Mehsana,winginstitute.com
Best travel and tourism clases in Morbi,winginstitute.com
Best air hostess classes in Ahmedabad,winginstitute.com
Best ground staff classes in Valsad,winginstitute.com
Best hotel management institute in Ankleshwar,winginstitute.com
Best ground staff institute in Bharuch,winginstitute.com
Best cabin crew coaching in Amreli,winginstitute.com
Best travel and tourism institute in Nadiad,winginstitute.com
Best travel and tourism trainng in Valsad,winginstitute.com
Best ground staff institute in Gandhinagar,winginstitute.com
Best air hostess institute in Rajkot,winginstitute.com
Best travel and tourism training in Nadiad,winginstitute.com
Best ground staff coaching in Vapi,winginstitute.com
Best air hostess institue in Patan,winginstitute.com
Best travel and tourism institute in Vadodara,winginstitute.com
Best air hostess coaching in Ahmedabad,winginstitute.com
Best aviation coaching in Patan,winginstitute.com
Best ground staff trainng in Surendranagar,winginstitute.com
Best air hostess institute in Vadodara,winginstitute.com
Best air hostess training in Morbi,winginstitute.com
Best air hostess coaching in Gandhidham,winginstitute.com
Best aviation classes in Surat,winginstitute.com
Best air hostess classes in Amreli,winginstitute.com
Best travel and tourism coaching in Anand,winginstitute.com
Best air hostess coaching in Amreli,winginstitute.com
Best cabin crew training in Godhra,winginstitute.com
Best hotel management coaching in Jamnagar,winginstitute.com
Best ground staff institute in Surat,winginstitute.com
Best air hostess training in Bharuch,winginstitute.com
Best aviation training in Bhuj,winginstitute.com
Best cabin crew training in Valsad,winginstitute.com
Best travel and tourism training in Surendranagar,winginstitute.com
Best ground staff classes in Rajkot,winginstitute.com
Best ground staff coaching in Gandhidham,winginstitute.com
Best ground staff institute in Morbi,winginstitute.com
Best travel and tourism classes in Botad,winginstitute.com
Best travel and tourism coaching in Surat,winginstitute.com
Best ground staff traning in Morbi,winginstitute.com
Best cabin crew institute in Palanpur,winginstitute.com
Best aviation training in Surendranagar,winginstitute.com
Best hotel management insitute in Bhavnagar,winginstitute.com
Best hotel management coaching in Gandhinagar,winginstitute.com
Best ground staff institute in Vadodara,winginstitute.com
Best travel and tourism classes in Anand,winginstitute.com
Best air hostess coaching in Surat,winginstitute.com
Best aviation institute in Morbi,winginstitute.com
Best cabin crew training in Morbi,winginstitute.com
Best hotel management coaching in Botad,winginstitute.com
Best aviation coaching in Amreli,winginstitute.com
Best hotel management institute in Botad,winginstitute.com
Best hotel management institute in Anand,winginstitute.com
Best ground staff coaching in Amreli,winginstitute.com
Best cabin crew institute in Amreli,winginstitute.com
Best air hostess classes in Palanpur,winginstitute.com
Best air hostess classes in Mehsana,winginstitute.com
Best aviation coachin in Botad,winginstitute.com
Best cabin crew institute in Nadiad,winginstitute.com
Best hotel management clasess in Ankleshwar,winginstitute.com
Best travel and tourism classes in Bharuch,winginstitute.com
Best hotel management institue in Rajkot,winginstitute.com
Best hotel management classes in Gandhinagar,winginstitute.com
Best ground staff institute in Valsad,winginstitute.com
Best cabin crew institute in Godhra,winginstitute.com
Best ground staff training in Gandhinagar,winginstitute.com
Best cabin crew training in Gandhidham,winginstitute.com
Best air hostess training in Ankleshwar,winginstitute.com
Best cabin crew coaching in Botad,winginstitute.com
Best air hostess training in Navsari,winginstitute.com
Best air hostess training in Mehsana,winginstitute.com
Best cabin crew classes in Morbi,winginstitute.com
Best ground staff classes in Morbi,winginstitute.com
Best aviation coaching in Vadodara,winginstitute.com
Best hotel management coaching in Bhavnagar,winginstitute.com
Best air hostess classes in Ankleshwar,winginstitute.com
Best aviation training in Rajkot,winginstitute.com
Best cabin crew classes in Junagadh,winginstitute.com
Best travel and tourism institute in Palanpur,winginstitute.com
Best cabin crew classes in Porbandar,winginstitute.com
Best ground staff institute in Anand,winginstitute.com
Best cabin crew training in Anand,winginstitute.com
Best ground staff institute in Rajkot,winginstitute.com
Best ground staff institute in Jamnagar,winginstitute.com
Best hotel management classes in Rajkot,winginstitute.com
Best cabin crew classes in Surendranagar,winginstitute.com
Best aviation training in Mehsana,winginstitute.com
Best ground staff classes in Bhuj,winginstitute.com
Best aviation institue in Jamnagar,winginstitute.com
Best air hostess classes in Bhavnagar,winginstitute.com
Best travel and tourism coaching in Gandhidham,winginstitute.com
Best hotel management institute in Nadiad,winginstitute.com
Best hotel management coaching in Surendranagar,winginstitute.com
Best ground staff coaching in Rajkot,winginstitute.com
Best air hostess institute in Junagadh,winginstitute.com
Best hotel management institute in Navsari,winginstitute.com
Best ground staff coaching in Morbi,winginstitute.com
Best hotel management training in Anand,winginstitute.com
Best cabin crew training in Botad,winginstitute.com
Best ground staff classes in Bharuch,winginstitute.com
Best aviation institute in Navsari,winginstitute.com
Best travel and tourism classes in Junagadh,winginstitute.com
Best cabin crew coaching in Vapi,winginstitute.com
Best travel and tourism classes in Navsari,winginstitute.com
Best aviation coaching in Valsad,winginstitute.com
Best air hostess clases in Porbandar,winginstitute.com
Best travel and tourism coching in Ahmedabad,winginstitute.com
Best hotel management traning in Porbandar,winginstitute.com
Best hotel management coaching in Nadiad,winginstitute.com
Best ground staff institute in Gandhidham,winginstitute.com
Best travel and tourism coaching in Navsari,winginstitute.com
Best cabin crew coaching in Ankleshwar,winginstitute.com
Best hotel management institute in Junagadh,winginstitute.com
Best hotel management insitute in Vadodara,winginstitute.com
Best aviation coaching in Anand,winginstitute.com
Best travel and tourism coaching in Gandhinagar,winginstitute.com
Best aviation training in Godhra,winginstitute.com
Best aviation coaching in Vapi,winginstitute.com
Best travel and tourism training in Gandhidham,winginstitute.com
Best air hostess coachin in Palanpur,winginstitute.com
Best aviation training in Vapi,winginstitute.com
Best hotel management training in Botad,winginstitute.com
Best aviation training in Porbandar,winginstitute.com
Best cabin crew classes in Gandhinagar,winginstitute.com
Best travel and tourism institute in Anand,winginstitute.com
Best aviation institute in Gandhinagar,winginstitute.com
Best air hostess training in Jamnagar,winginstitute.com
Best travel and tourism coaching in Valsad,winginstitute.com
Best aviation training in Palanpur,winginstitute.com
Best ground staff institute in Botad,winginstitute.com
Best ground staff trainng in Valsad,winginstitute.com
Best ground staff institute in Surendranagar,winginstitute.com
Best hotel management training in Vadodara,winginstitute.com
Best air hostess institute in Gandhidham,winginstitute.com
Best hotel management coaching in Bharuch,winginstitute.com
Best hotel management coaching in Palanpur,winginstitute.com
Best cabin crew coaching in Morbi,winginstitute.com
Best cabin crew classes in Nadiad,winginstitute.com
Best air hostess coaching in Valsad,winginstitute.com
Best cabin crew classes in Godhra,winginstitute.com
Best cabin crew coaching in Gandhidham,winginstitute.com
Best ground staff training in Patan,winginstitute.com
Best air hostess coaching in Navsari,winginstitute.com
Best aviation institute in Rajkot,winginstitute.com
Best air hostess classes in Valsad,winginstitute.com
Best hotel management training in Rajkot,winginstitute.com
Best hotel management coaching in Navsari,winginstitute.com
Best travel and tourism classes in Godhra,winginstitute.com
Best travel and tourism training in Rajkot,winginstitute.com
Best aviation coaching in Bhavnagar,winginstitute.com
Best aviation classes in Vapi,winginstitute.com
Best ground staff classes in Mehsana,winginstitute.com
Best aviation coaching in Surat,winginstitute.com
Best aviation classes in Godhra,winginstitute.com
Best ground staff coachin in Ankleshwar,winginstitute.com
Best travel and tourism training in Palanpur,winginstitute.com
Best travel and tourism institute in Valsad,winginstitute.com
Best hotel management institute in Palanpur,winginstitute.com
Best hotel management coaching in Surat,winginstitute.com
Best travel and tourism coaching in Vapi,winginstitute.com
Best air hostess training in Vapi,winginstitute.com
Best travel and tourism institute in Godhra,winginstitute.com
Best air hostess coaching in Bhavnagar,winginstitute.com
Best cabin crew institute in Surat,winginstitute.com
Best travel and tourism institute in Junagadh,winginstitute.com
Best ground staff coaching in Jamnagar,winginstitute.com
Best aviation coaching in Ankleshwar,winginstitute.com
Best cabin crew training in Jamnagar,winginstitute.com
Best travel and tourism classes in Amreli,winginstitute.com
Best air hostess traning in Godhra,winginstitute.com
Best cabin crew classes in Vapi,winginstitute.com
Best hotel management training in Navsari,winginstitute.com
Best air hostess institute in Gandhinagar,winginstitute.com
Best aviation training in Amreli,winginstitute.com
Best hotel management training in Ahmedabad,winginstitute.com
Best ground staff coaching in Porbandar,winginstitute.com
Best hotel management classes in Gandhidham,winginstitute.com
Best aviation training in Navsari,winginstitute.com
Best ground staff coaching in Surendranagar,winginstitute.com
Best travel and tourism coaching in Jamnagar,winginstitute.com
Best hotel management training in Amreli,winginstitute.com
Best aviation coaching in Gandhidham,winginstitute.com
Best cabin crew institute in Bharuch,winginstitute.com
Best aviation institute in Gandhidham,winginstitute.com
Best travel and tourism institute in Surat,winginstitute.com
Best hotel management training in Morbi,winginstitute.com
Best travel and tourism institute in Bhavnagar,winginstitute.com
Best hotel management training in Nadiad,winginstitute.com
Best aviation training in Surat,winginstitute.com
Best air hostess training in Bhuj,winginstitute.com
Best ground staff classes in Vapi,winginstitute.com
Best cabin crew institute in Anand,winginstitute.com
Best air hostess institute in Navsari,winginstitute.com
Best air hostess training in Gandhinagar,winginstitute.com
Best cabin crew trainng in Ahmedabad,winginstitute.com
Best cabin crew coaching in Porbandar,winginstitute.com
Best air hostess training in Gandhidham,winginstitute.com
Best hotel management training in Mehsana,winginstitute.com
Best travel and tourism coching in Palanpur,winginstitute.com
Best travel and tourism coaching in Botad,winginstitute.com
Best air hostess classes in Vapi,winginstitute.com
Best travel and tourism classes in Jamnagar,winginstitute.com
Best ground staff coaching in Vadodara,winginstitute.com
Best cabin crew classes in Ankleshwar,winginstitute.com
Best hotel management institue in Surat,winginstitute.com
Best ground staff classes in Botad,winginstitute.com
Best ground staff classes in Junagadh,winginstitute.com
Best hotel management coaching in Ahmedabad,winginstitute.com
Best air hostess institute in Nadiad,winginstitute.com
Best ground staff coaching in Bhavnagar,winginstitute.com
Best hotel management training in Bhuj,winginstitute.com
Best hotel management coaching in Valsad,winginstitute.com
Best cabin crew training in Amreli,winginstitute.com
Best travel and tourism coaching in Bhavnagar,winginstitute.com
Best travel and tourism coaching in Porbandar,winginstitute.com
Best aviation institute in Bharuch,winginstitute.com
Best cabin crew institute in Porbandar,winginstitute.com
Best ground staff coaching in Ahmedabad,winginstitute.com
Best cabin crew institute in Valsad,winginstitute.com
Best aviation institute in Godhra,winginstitute.com
Best cabin crew training in Bhavnagar,winginstitute.com
Best ground staff coaching in Navsari,winginstitute.com
Best aviation training in Nadiad,winginstitute.com
Best aviation classes in Valsad,winginstitute.com
Best hotel management coaching in Patan,winginstitute.com
Best ground staff clasess in Jamnagar,winginstitute.com
Best cabin crew classes in Bhavnagar,winginstitute.com
Best air hostess trainng in Junagadh,winginstitute.com
Best aviation classes in Ahmedabad,winginstitute.com
Best travel and tourism classes in Palanpur,winginstitute.com
Best cabin crew training in Nadiad,winginstitute.com
Best cabin crew institute in Jamnagar,winginstitute.com
Best air hostess institute in Vapi,winginstitute.com
Best aviation training in Bharuch,winginstitute.com
Best hotel management classes in Bhavnagar,winginstitute.com
Best travel and tourism training in Ahmedabad,winginstitute.com
Best air hostess training in Ahmedabad,winginstitute.com
Best aviation institute in Anand,winginstitute.com
Best air hostess classes in Junagadh,winginstitute.com
Best travel and tourism institute in Amreli,winginstitute.com
Best travel and tourism traning in Mehsana,winginstitute.com
Best hotel management institute in Mehsana,winginstitute.com
Best travel and tourism institute in Vapi,winginstitute.com
Best travel and tourism training in Amreli,winginstitute.com
Best cabin crew coaching in Surat,winginstitute.com
Best cabin crew coachin in Jamnagar,winginstitute.com
Best ground staff classes in Ankleshwar,winginstitute.com
Best air hostess coaching in Vadodara,winginstitute.com
Best cabin crew institute in Vapi,winginstitute.com
Best aviation coaching in Morbi,winginstitute.com
Best aviation institute in Vapi,winginstitute.com
Best hotel management classes in Porbandar,winginstitute.com
Best cabin crew institute in Bhuj,winginstitute.com
Best air hostess classes in Rajkot,winginstitute.com
Best ground staff institue in Navsari,winginstitute.com
Best hotel management clasess in Ahmedabad,winginstitute.com
Best cabin crew institute in Gandhidham,winginstitute.com
Best cabin crew institute in Junagadh,winginstitute.com
Best ground staff institute in Amreli,winginstitute.com
Best aviation classes in Rajkot,winginstitute.com
Best hotel management training in Jamnagar,winginstitute.com
Best hotel management coaching in Bhuj,winginstitute.com
Best ground staff classes in Ahmedabad,winginstitute.com
Best cabin crew training in Gandhinagar,winginstitute.com
Best cabin crew traning in Ankleshwar,winginstitute.com
Best aviation classes in Navsari,winginstitute.com
Best cabin crew training in Mehsana,winginstitute.com
Best travel and tourism institute in Mehsana,winginstitute.com
Best travel and tourism coaching in Amreli,winginstitute.com
Best air hostess coaching in Botad,winginstitute.com
Best cabin crew coaching in Surendranagar,winginstitute.com
Best travel and tourism training in Surat,winginstitute.com
Best aviation institute in Palanpur,winginstitute.com
Best air hostess training in Valsad,winginstitute.com
Best travel and tourism institute in Botad,winginstitute.com
Best hotel management classes in Palanpur,winginstitute.com
Best travel and tourism institute in Rajkot,winginstitute.com
Best air hostess institute in Palanpur,winginstitute.com
Best hotel management training in Godhra,winginstitute.com
Best travel and tourism classes in Ahmedabad,winginstitute.com
Best travel and tourism classes in Gandhinagar,winginstitute.com
Best travel and tourism coaching in Surendranagar,winginstitute.com
Best aviation coaching in Rajkot,winginstitute.com
Best hotel management classes in Amreli,winginstitute.com
Best ground staff classes in Surendranagar,winginstitute.com
Best ground staff coching in Gandhinagar,winginstitute.com
Best ground staff classes in Porbandar,winginstitute.com
Best cabin crew classes in Navsari,winginstitute.com
Best cabin crew coaching in Bharuch,winginstitute.com
Best travel and tourism training in Junagadh,winginstitute.com
Best hotel management coaching in Anand,winginstitute.com
Best aviation institute in Valsad,winginstitute.com
Best cabin crew coachin in Rajkot,winginstitute.com
Best hotel management institue in Ahmedabad,winginstitute.com
Best air hostess coching in Patan,winginstitute.com
Best ground staff classes in Navsari,winginstitute.com
Best cabin crew classes in Amreli,winginstitute.com
Best hotel management institute in Porbandar,winginstitute.com
Best hotel management training in Junagadh,winginstitute.com
Best ground staff institute in Nadiad,winginstitute.com
Best ground staff training in Godhra,winginstitute.com
Best hotel management classes in Bharuch,winginstitute.com
Best aviation coching in Porbandar,winginstitute.com
Best travel and tourism coaching in Morbi,winginstitute.com
Best travel and tourism coaching in Vadodara,winginstitute.com
Best aviation coachin in Godhra,winginstitute.com
Best aviation training in Bhavnagar,winginstitute.com
Best air hostess institute in Ankleshwar,winginstitute.com
Best air hostess coaching in Nadiad,winginstitute.com
Best cabin crew coaching in Bhavnagar,winginstitute.com
Best hotel management coaching in Amreli,winginstitute.com
Best ground staff classes in Surat,winginstitute.com
Best ground staff institute in Godhra,winginstitute.com
Best air hostess classes in Godhra,winginstitute.com
Best cabin crew trainng in Bharuch,winginstitute.com
Best ground staff classes in Patan,winginstitute.com
Best aviation classes in Bhuj,winginstitute.com
Best cabin crew coaching in Gandhinagar,winginstitute.com
Best air hostess institute in Anand,winginstitute.com
Best travel and tourism classes in Rajkot,winginstitute.com
Best ground staff training in Bhavnagar,winginstitute.com
Best air hostess classes in Morbi,winginstitute.com
Best travel and tourism classes in Nadiad,winginstitute.com
Best hotel management coaching in Mehsana,winginstitute.com
Best hotel management institute in Amreli,winginstitute.com
Best travel and tourism classes in Surat,winginstitute.com
Best ground staff institute in Bhuj,winginstitute.com
Best hotel management training in Ankleshwar,winginstitute.com
Best hotel management classes in Vapi,winginstitute.com
Best air hostess training in Botad,winginstitute.com
Best ground staff training in Ankleshwar,winginstitute.com
Best hotel management coaching in Vapi,winginstitute.com
Best cabin crew training in Surat,winginstitute.com
Best aviation classes in Amreli,winginstitute.com
Best aviation classes in Surendranagar,winginstitute.com
Best aviation institute in Amreli,winginstitute.com
Best cabin crew classes in Mehsana,winginstitute.com
Best hotel management institute in Vapi,winginstitute.com
Best hotel management coaching in Vadodara,winginstitute.com
Best air hostess training in Porbandar,winginstitute.com
Best travel and tourism institute in Ankleshwar,winginstitute.com
Best hotel management classes in Junagadh,winginstitute.com
Best aviation coachin in Junagadh,winginstitute.com
Best hotel management training in Bhavnagar,winginstitute.com
Best air hostess classes in Surat,winginstitute.com
Best travel and tourism classes in Vapi,winginstitute.com
Best cabin crew institute in Vadodara,winginstitute.com
Best travel and tourism clases in Mehsana,winginstitute.com
Best travel and tourism institute in Gandhidham,winginstitute.com
Best cabin crew institute in Ankleshwar,winginstitute.com
Best travel and tourism training in Jamnagar,winginstitute.com
Best cabin crew coaching in Mehsana,winginstitute.com
Best ground staff training in Anand,winginstitute.com
Best ground staff institute in Mehsana,winginstitute.com
Best aviation institute in Surat,winginstitute.com
Best ground staff training in Palanpur,winginstitute.com
Best ground staff coaching in Palanpur,winginstitute.com
Best aviation classes in Bharuch,winginstitute.com
Best travel and tourism training in Vapi,winginstitute.com
Best hotel management institute in Gandhidham,winginstitute.com
Best aviation institute in Mehsana,winginstitute.com
Best ground staff coaching in Bharuch,winginstitute.com
Best ground staff institute in Vapi,winginstitute.com
Best cabin crew training in Patan,winginstitute.com
